Date,Symbol,Series,Prev Close,Open,High,Low,Last,Close,VWAP,Volume,Turnover,Trades,Deliverable Volume,%Deliverble
2015-01-01,TCS,EQ,2558.25,2567.0,2567.0,2541.0,2550.0,2545.55,2548.51,183415,46743445615000.0,8002,52870,0.2883
2015-01-02,TCS,EQ,2545.55,2551.0,2590.95,2550.6,2588.4,2579.45,2568.19,462870,118874010950000.0,27585,309350,0.6683
2015-01-05,TCS,EQ,2579.45,2581.0,2599.9,2524.65,2538.1,2540.25,2563.94,877121,224888554094999.97,43234,456728,0.5207
2015-01-06,TCS,EQ,2540.25,2529.1,2529.1,2440.0,2450.05,2446.6,2466.9,1211892,298961535645000.0,84503,714306,0.5894
2015-01-07,TCS,EQ,2446.6,2470.0,2479.15,2407.45,2426.9,2417.7,2433.96,1318166,320836246205000.0,101741,886368,0.6724
2015-01-08,TCS,EQ,2417.7,2442.4,2449.0,2420.55,2446.0,2443.8,2434.81,782704,190573934495000.0,47699,450768,0.5759000000000001
2015-01-09,TCS,EQ,2443.8,2455.0,2519.9,2450.0,2510.0,2512.3,2490.01,1598821,398108220610000.0,81743,865777,0.5415
2015-01-12,TCS,EQ,2512.3,2517.0,2528.0,2480.25,2527.95,2509.7,2497.82,798003,199326599700000.0,58810,451228,0.5654
2015-01-13,TCS,EQ,2509.7,2520.0,2530.4,2480.1,2498.0,2497.9,2509.4,734216,184244037280000.0,49993,386133,0.5259
2015-01-14,TCS,EQ,2497.9,2516.0,2531.8,2500.5,2525.05,2521.95,2517.54,893548,224954619585000.0,69237,498193,0.5575
2015-01-15,TCS,EQ,2521.95,2533.0,2581.75,2523.25,2542.05,2539.1,2550.97,2504960,639007618510000.0,96363,1598846,0.6383
2015-01-16,TCS,EQ,2539.1,2543.7,2545.0,2484.3,2526.0,2532.15,2511.39,2646915,664744442100000.0,127847,1372200,0.5184000000000001
2015-01-19,TCS,EQ,2532.15,2536.0,2551.0,2503.0,2509.0,2511.0,2516.06,567537,142795431225000.0,38860,309156,0.5447
2015-01-20,TCS,EQ,2511.0,2520.0,2530.0,2483.25,2498.0,2500.45,2498.94,1029283,257212122080000.03,58066,733487,0.7126
2015-01-21,TCS,EQ,2500.45,2522.0,2522.0,2488.25,2518.0,2513.8,2507.75,1155240,289705457555000.0,75976,771316,0.6677
2015-01-22,TCS,EQ,2513.8,2516.5,2521.25,2495.5,2511.0,2513.55,2509.31,1056607,265135460265000.0,74837,742399,0.7026000000000001
2015-01-23,TCS,EQ,2513.55,2514.0,2532.05,2496.1,2504.1,2503.6,2507.34,1575190,394952968250000.0,94619,1205911,0.7656000000000001
2015-01-27,TCS,EQ,2503.6,2512.35,2515.0,2489.55,2504.2,2502.05,2502.26,1369368,342651028760000.0,71406,1079233,0.7881
2015-01-28,TCS,EQ,2502.05,2503.0,2544.9,2502.9,2533.4,2539.6,2529.32,1560990,394824002920000.0,101994,1142166,0.7317
2015-01-29,TCS,EQ,2539.6,2538.0,2568.7,2512.9,2560.7,2544.65,2531.88,1867196,472751989170000.0,67497,1547590,0.8288
2015-01-30,TCS,EQ,2544.65,2560.7,2575.0,2470.0,2484.0,2482.05,2494.94,2908701,725702544890000.0,119200,2355497,0.8098000000000001
2015-02-02,TCS,EQ,2482.05,2482.0,2521.45,2462.05,2516.0,2514.2,2500.6,1590901,397821062750000.0,89485,1171718,0.7365
2015-02-03,TCS,EQ,2514.2,2511.65,2565.0,2507.1,2552.25,2558.25,2536.23,1172527,297379337690000.0,75106,701449,0.5982000000000001
2015-02-04,TCS,EQ,2558.25,2568.0,2571.7,2502.1,2514.95,2514.3,2523.08,1122709,283268662695000.0,60615,807091,0.7189
2015-02-05,TCS,EQ,2514.3,2520.0,2591.7,2519.0,2553.0,2552.4,2558.13,2265084,579438634615000.0,77935,1638106,0.7232
2015-02-06,TCS,EQ,2552.4,2553.0,2594.8,2550.85,2576.1,2575.75,2578.4,1068208,275426472850000.0,82449,582019,0.5449
2015-02-09,TCS,EQ,2575.75,2561.5,2569.1,2500.0,2512.0,2512.9,2531.83,1038216,262858506450000.0,72967,695542,0.6698999999999999
2015-02-10,TCS,EQ,2512.9,2510.0,2526.25,2433.0,2445.5,2441.15,2473.88,1899527,469920109095000.0,114773,1383973,0.7286
2015-02-11,TCS,EQ,2441.15,2455.05,2487.25,2447.25,2460.0,2459.9,2468.94,1468761,362628302270000.0,115345,1143243,0.7784000000000001
2015-02-12,TCS,EQ,2459.9,2479.8,2479.8,2447.0,2469.0,2462.15,2462.56,1553990,382678652105000.0,113845,1269759,0.8170999999999999
2015-02-13,TCS,EQ,2462.15,2470.0,2547.75,2460.25,2540.0,2538.75,2508.49,2079163,521556316975000.0,132132,1521051,0.7316
2015-02-16,TCS,EQ,2538.75,2560.0,2595.0,2555.0,2581.7,2584.8,2576.98,1182196,304649182215000.0,82111,831991,0.7038
2015-02-18,TCS,EQ,2584.8,2585.05,2643.0,2565.25,2640.0,2635.65,2605.04,1330007,346471599800000.0,70475,792678,0.596
2015-02-19,TCS,EQ,2635.65,2636.0,2687.3,2635.0,2674.55,2681.05,2660.47,1309001,348256421615000.0,80730,831048,0.6349
2015-02-20,TCS,EQ,2681.05,2698.8,2698.8,2642.25,2664.65,2675.55,2672.56,900794,240742310540000.0,43830,537225,0.5964
2015-02-23,TCS,EQ,2675.55,2671.0,2722.0,2671.0,2700.0,2696.65,2701.93,807446,218165997730000.03,47641,362669,0.44920000000000004
2015-02-24,TCS,EQ,2696.65,2694.0,2730.0,2679.0,2699.35,2704.75,2709.36,1099961,298018637415000.0,46480,685771,0.6235
2015-02-25,TCS,EQ,2704.75,2710.0,2722.0,2667.85,2669.7,2672.2,2694.16,883997,238162963394999.97,43048,546944,0.6187
2015-02-26,TCS,EQ,2672.2,2679.0,2692.75,2625.35,2649.5,2656.45,2655.31,995997,264468013900000.0,56829,565254,0.5675
2015-02-27,TCS,EQ,2656.45,2659.45,2675.75,2616.3,2668.0,2662.35,2647.84,1438688,380942113730000.0,74413,1003079,0.6972
2015-02-28,TCS,EQ,2662.35,2677.0,2687.1,2643.0,2679.55,2675.25,2668.12,589498,157284897685000.0,30189,271598,0.4607
2015-03-02,TCS,EQ,2675.25,2679.7,2708.95,2652.55,2673.95,2669.4,2664.97,1088019,289953630685000.0,64343,770649,0.7083
2015-03-03,TCS,EQ,2669.4,2682.0,2790.0,2676.15,2785.1,2776.0,2748.34,1712154,470557654689999.94,74770,1068918,0.6243
2015-03-04,TCS,EQ,2776.0,2788.0,2812.1,2715.65,2740.0,2746.0,2763.04,1931497,533680616539999.94,71983,1405748,0.7278
2015-03-05,TCS,EQ,2746.0,2750.0,2770.7,2681.05,2690.1,2696.45,2713.59,1086757,294901337805000.0,45126,677138,0.6231
2015-03-09,TCS,EQ,2696.45,2640.0,2679.8,2610.0,2649.0,2646.8,2647.72,1441587,381692236075000.0,64488,864858,0.5999
2015-03-10,TCS,EQ,2646.8,2648.9,2678.25,2595.25,2638.85,2642.7,2632.78,1518526,399794140460000.0,89030,910422,0.5995
2015-03-11,TCS,EQ,2642.7,2642.0,2659.95,2597.8,2605.15,2606.55,2622.9,1120100,293790867555000.0,52147,616835,0.5507
2015-03-12,TCS,EQ,2606.55,2623.9,2624.9,2590.1,2618.2,2619.05,2606.76,913818,238210017760000.0,62767,582972,0.638
2015-03-13,TCS,EQ,2619.05,2638.0,2639.95,2575.0,2585.0,2582.35,2594.75,793419,205872125680000.0,67541,481480,0.6068
2015-03-16,TCS,EQ,2582.35,2585.2,2610.0,2552.0,2560.6,2562.3,2579.88,778148,200753225295000.0,44209,484279,0.6223
2015-03-17,TCS,EQ,2562.3,2582.5,2606.7,2557.75,2583.65,2583.7,2582.66,633659,163652693925000.0,56639,368300,0.5811999999999999
2015-03-18,TCS,EQ,2583.7,2590.95,2599.45,2551.7,2556.0,2559.35,2561.86,627585,160778503890000.0,38991,364010,0.58
2015-03-19,TCS,EQ,2559.35,2576.0,2605.85,2568.1,2602.0,2596.25,2596.45,1224482,317930347245000.0,71701,888461,0.7256
2015-03-20,TCS,EQ,2596.25,2596.0,2618.0,2578.85,2610.85,2610.95,2608.5,981954,256142270235000.0,74415,714293,0.7273999999999999
2015-03-23,TCS,EQ,2610.95,2616.0,2631.0,2606.0,2616.0,2617.15,2616.73,783304,204969532200000.0,59518,575211,0.7343000000000001
2015-03-24,TCS,EQ,2617.15,2630.0,2637.0,2582.1,2600.0,2591.3,2617.59,1197439,313440933310000.0,58016,848633,0.7087000000000001
2015-03-25,TCS,EQ,2591.3,2591.4,2614.0,2545.2,2569.85,2573.75,2575.29,1112429,286482690440000.0,75792,825133,0.7417
2015-03-26,TCS,EQ,2573.75,2553.3,2586.7,2501.0,2515.0,2513.1,2535.65,1545821,391966545665000.0,82115,1110655,0.7184999999999999
2015-03-27,TCS,EQ,2513.1,2531.0,2571.9,2504.1,2519.9,2514.8,2536.73,1375888,349025716790000.0,76990,947653,0.6888
2015-03-30,TCS,EQ,2514.8,2525.0,2569.9,2520.0,2554.2,2564.15,2546.18,669503,170467464790000.0,64141,461568,0.6894
2015-03-31,TCS,EQ,2564.15,2569.45,2569.45,2521.0,2560.0,2553.95,2548.15,1213514,309221533160000.0,88908,862309,0.7106
2015-04-01,TCS,EQ,2553.95,2558.0,2563.6,2522.25,2544.05,2542.65,2538.81,1037879,263498131744999.97,54078,784911,0.7563
2015-04-06,TCS,EQ,2542.65,2558.0,2562.9,2500.1,2548.3,2547.3,2531.53,784271,198540479680000.0,45408,485665,0.6193
2015-04-07,TCS,EQ,2547.3,2562.45,2599.0,2544.0,2588.95,2585.0,2571.5,943461,242611136905000.03,77106,562689,0.5964
2015-04-08,TCS,EQ,2585.0,2594.0,2656.5,2590.85,2646.0,2641.4,2632.0,826067,217420827940000.0,61358,496296,0.6008
2015-04-09,TCS,EQ,2641.4,2659.0,2687.45,2635.15,2662.6,2664.55,2658.35,1272225,338201771475000.0,62583,902143,0.7091
2015-04-10,TCS,EQ,2664.55,2648.5,2670.8,2628.0,2651.1,2653.75,2648.39,907772,240413514280000.03,63471,625228,0.6888
2015-04-13,TCS,EQ,2653.75,2664.0,2665.0,2628.0,2653.85,2655.5,2650.09,654321,173401144210000.0,54293,451036,0.6893000000000001
2015-04-15,TCS,EQ,2655.5,2654.7,2713.9,2609.4,2618.95,2627.75,2646.26,1456967,385551302470000.0,74856,927588,0.6367
2015-04-16,TCS,EQ,2627.75,2626.95,2627.0,2571.35,2574.0,2582.8,2589.79,1608785,416641607920000.0,71768,1002627,0.6232
2015-04-17,TCS,EQ,2582.8,2557.1,2560.0,2470.0,2473.9,2474.85,2495.54,4834371,1206434982295000.0,167402,2989132,0.6183
2015-04-20,TCS,EQ,2474.85,2480.05,2483.9,2424.85,2426.0,2428.8,2439.46,1445361,352590267395000.0,84591,916671,0.6342
2015-04-21,TCS,EQ,2428.8,2428.8,2452.0,2401.0,2427.05,2427.05,2430.81,1273016,309446530515000.0,83843,816116,0.6411
2015-04-22,TCS,EQ,2427.05,2431.5,2473.0,2407.55,2470.6,2445.1,2428.26,2093406,508334211700000.0,101821,1643446,0.7851
2015-04-23,TCS,EQ,2445.1,2472.0,2479.8,2431.7,2455.0,2457.25,2460.81,2171495,534363755360000.06,80541,1743765,0.8029999999999999
2015-04-24,TCS,EQ,2457.25,2455.3,2514.0,2447.55,2509.6,2493.05,2488.25,1812579,451014638785000.06,130453,1306431,0.7208
2015-04-27,TCS,EQ,2493.05,2499.5,2520.0,2486.0,2500.0,2500.2,2501.44,1366526,341828002790000.0,81966,986807,0.7221
2015-04-28,TCS,EQ,2500.2,2510.0,2510.0,2455.1,2493.0,2495.0,2477.16,1544149,382510591630000.0,128979,1197833,0.7757
2015-04-29,TCS,EQ,2495.0,2484.0,2495.0,2451.05,2481.0,2487.3,2472.31,1009810,249655948465000.0,100184,626278,0.6202000000000001
2015-04-30,TCS,EQ,2487.3,2480.0,2490.0,2427.1,2476.0,2463.7,2461.06,1869027,459977844870000.0,101021,1353129,0.7240000000000001
2015-05-04,TCS,EQ,2463.7,2491.0,2504.8,2457.2,2482.25,2481.55,2476.14,945315,234073697215000.0,83359,655734,0.6937000000000001
2015-05-05,TCS,EQ,2481.55,2501.0,2536.45,2500.0,2519.0,2517.85,2518.94,1627535,409966148545000.0,69702,1015019,0.6237
2015-05-06,TCS,EQ,2517.85,2515.0,2515.0,2455.8,2463.0,2463.05,2468.46,1697203,418947716170000.0,97392,1156742,0.6816
2015-05-07,TCS,EQ,2463.05,2464.9,2553.75,2453.7,2550.0,2545.25,2522.63,1602514,404255751035000.0,63417,1086092,0.6777
2015-05-08,TCS,EQ,2545.25,2560.0,2588.0,2516.3,2530.0,2527.25,2552.07,1501832,383278539450000.0,53709,1023782,0.6817000000000001
2015-05-11,TCS,EQ,2527.25,2535.0,2563.05,2525.0,2559.0,2556.0,2550.07,1286541,328076548915000.0,73023,931788,0.7243
2015-05-12,TCS,EQ,2556.0,2560.0,2565.0,2513.0,2523.95,2522.9,2524.91,1233693,311495784250000.0,71964,949366,0.7695000000000001
2015-05-13,TCS,EQ,2522.9,2547.0,2547.0,2480.45,2523.1,2515.4,2510.43,931887,233944172500000.0,53692,473256,0.5078
2015-05-14,TCS,EQ,2515.4,2520.0,2520.0,2485.0,2499.0,2499.25,2495.09,654525,163309628080000.0,40174,381895,0.5835
2015-05-15,TCS,EQ,2499.25,2515.0,2532.4,2501.0,2511.0,2511.15,2512.17,730727,183571305660000.0,32934,515976,0.7061000000000001
2015-05-18,TCS,EQ,2511.15,2514.1,2525.25,2497.1,2515.15,2520.4,2505.41,2253876,564689060255000.0,50845,2006146,0.8901000000000001
2015-05-19,TCS,EQ,2520.4,2519.4,2530.0,2496.75,2512.0,2512.7,2511.97,978861,245887370644999.97,37527,686093,0.7009000000000001
2015-05-20,TCS,EQ,2512.7,2520.0,2569.9,2516.9,2557.0,2557.05,2550.08,948907,241979005775000.0,41995,571725,0.6025
2015-05-21,TCS,EQ,2557.05,2557.0,2580.0,2548.15,2551.9,2555.5,2565.83,789789,202646360790000.0,40459,563782,0.7138
2015-05-22,TCS,EQ,2555.5,2550.0,2628.75,2539.25,2621.8,2617.9,2594.64,1345816,349190591545000.0,52428,992008,0.7371
2015-05-25,TCS,EQ,2617.9,2620.0,2636.9,2585.7,2600.05,2601.0,2606.03,491489,128083358180000.0,30375,263444,0.536
2015-05-26,TCS,EQ,2601.0,2605.0,2623.25,2588.9,2614.95,2608.85,2610.17,980870,256024103810000.0,34315,705361,0.7191
2015-05-27,TCS,EQ,2608.85,2608.0,2633.15,2592.0,2610.0,2615.25,2615.75,810345,211966247105000.0,50501,600904,0.7415
2015-05-28,TCS,EQ,2615.25,2603.9,2623.0,2582.25,2615.9,2609.5,2606.6,1381804,360180969170000.0,52267,1070716,0.7748999999999999
2015-05-29,TCS,EQ,2609.5,2617.0,2648.6,2597.25,2621.55,2610.3,2614.52,2211766,578269551475000.0,83932,1686200,0.7624
2015-06-01,TCS,EQ,2610.3,2609.45,2647.1,2608.35,2615.2,2617.75,2622.43,441132,115683989800000.0,35794,251151,0.5693
2015-06-02,TCS,EQ,2617.75,2616.0,2630.0,2590.5,2605.0,2599.9,2605.54,1967910,512747187110000.06,54815,1605076,0.8156
2015-06-03,TCS,EQ,2599.9,2604.0,2625.6,2590.5,2612.0,2610.9,2611.6,902342,235655199660000.0,41440,635538,0.7043
2015-06-04,TCS,EQ,2610.9,2617.1,2622.8,2588.5,2600.2,2605.65,2606.81,2065734,538497445995000.0,44653,1816025,0.8791
2015-06-05,TCS,EQ,2605.65,2592.0,2609.0,2570.0,2577.5,2575.85,2583.52,1154267,298206645760000.0,52168,848596,0.7352
2015-06-08,TCS,EQ,2575.85,2590.0,2590.0,2561.65,2580.0,2577.45,2576.28,785160,202278895920000.0,62168,543370,0.6920999999999999
2015-06-09,TCS,EQ,2577.45,2585.0,2590.0,2551.0,2561.95,2561.65,2574.52,1289457,331973563270000.0,63744,1099487,0.8527
2015-06-10,TCS,EQ,2561.65,2566.0,2610.0,2563.8,2600.0,2600.75,2586.57,1381675,357380330830000.0,42817,1122720,0.8126000000000001
2015-06-11,TCS,EQ,2600.75,2605.5,2613.0,2556.75,2564.25,2571.3,2585.02,923668,238769812969999.97,37803,658949,0.7134
2015-06-12,TCS,EQ,2571.3,2571.9,2588.95,2476.8,2520.0,2505.8,2526.7,1285728,324865219385000.0,80056,700457,0.5448
2015-06-15,TCS,EQ,2505.8,2505.3,2520.45,2481.0,2509.5,2504.8,2503.06,1262588,316033534025000.0,57691,1008687,0.7989
2015-06-16,TCS,EQ,2504.8,2500.0,2519.3,2494.45,2508.0,2512.0,2510.7,633698,159102618710000.0,41162,481883,0.7604000000000001
2015-06-17,TCS,EQ,2512.0,2521.0,2529.15,2501.8,2512.0,2513.8,2516.05,987860,248550405310000.0,88734,698348,0.7069
2015-06-18,TCS,EQ,2513.8,2515.0,2546.3,2508.0,2522.0,2530.05,2533.09,1082523,274212353610000.0,83019,764949,0.7066
2015-06-19,TCS,EQ,2530.05,2535.0,2555.0,2527.1,2550.0,2549.55,2546.79,999805,254629633765000.0,50051,769320,0.7695000000000001
2015-06-22,TCS,EQ,2549.55,2547.0,2600.0,2547.0,2598.3,2591.5,2587.1,551001,142549477735000.0,43692,317646,0.5765
2015-06-23,TCS,EQ,2591.5,2600.0,2608.0,2567.2,2585.9,2574.6,2582.03,449159,115974000365000.02,30619,280403,0.6243
2015-06-24,TCS,EQ,2574.6,2580.0,2587.9,2558.85,2568.7,2570.3,2573.22,585123,150565166150000.0,39464,331254,0.5661
2015-06-25,TCS,EQ,2570.3,2562.0,2573.0,2544.15,2552.0,2550.0,2553.8,965496,246568219255000.03,36543,728243,0.7543000000000001
2015-06-26,TCS,EQ,2550.0,2550.2,2596.35,2550.2,2590.1,2592.8,2579.82,645051,166411238155000.0,34240,356380,0.5525
2015-06-29,TCS,EQ,2592.8,2572.0,2604.0,2543.4,2599.0,2592.9,2569.67,686378,176376823470000.0,35008,263984,0.3846
2015-06-30,TCS,EQ,2592.9,2585.0,2588.75,2540.0,2555.0,2550.95,2557.03,774976,198163432605000.0,34960,468575,0.6046
2015-07-01,TCS,EQ,2550.95,2563.9,2608.0,2556.75,2600.0,2593.1,2584.41,639854,165364373950000.0,50229,405105,0.6331
2015-07-02,TCS,EQ,2593.1,2600.0,2602.95,2571.05,2582.0,2577.75,2583.81,722940,186793958395000.0,63066,441786,0.6111
2015-07-03,TCS,EQ,2577.75,2573.05,2610.0,2570.0,2603.1,2603.9,2595.18,481735,125019006759999.98,34612,263852,0.5477000000000001
2015-07-06,TCS,EQ,2603.9,2580.3,2645.0,2580.3,2629.7,2633.3,2613.46,591169,154499884340000.0,31304,280866,0.47509999999999997
2015-07-07,TCS,EQ,2633.3,2632.75,2646.9,2603.0,2623.9,2616.25,2627.79,821418,215851041305000.03,51719,531468,0.647
2015-07-08,TCS,EQ,2616.25,2597.95,2621.7,2580.5,2591.7,2595.1,2596.66,1333925,346374532860000.0,85552,956051,0.7167
2015-07-09,TCS,EQ,2595.1,2595.0,2598.25,2506.65,2529.35,2522.5,2540.37,1967061,499706943689999.94,142048,1156795,0.5881000000000001
2015-07-10,TCS,EQ,2522.5,2559.0,2559.0,2455.0,2467.0,2474.35,2489.45,4131827,1028599040490000.0,211247,2279427,0.5517000000000001
2015-07-13,TCS,EQ,2474.35,2475.4,2518.6,2475.4,2506.1,2509.55,2502.25,1140154,285294609545000.0,53024,672149,0.5895
2015-07-14,TCS,EQ,2509.55,2511.0,2515.0,2490.0,2498.85,2499.5,2499.62,851637,212876735585000.0,49611,583671,0.6854000000000001
2015-07-15,TCS,EQ,2499.5,2501.0,2549.95,2500.0,2548.0,2545.75,2534.53,1001830,253916925965000.0,76369,665637,0.6644
2015-07-16,TCS,EQ,2545.75,2543.7,2558.85,2526.6,2534.9,2540.2,2543.54,728304,185246930105000.0,58974,449458,0.6171
2015-07-17,TCS,EQ,2540.2,2546.8,2570.1,2543.3,2563.25,2564.4,2558.02,535263,136921246255000.0,39534,299824,0.5601
2015-07-20,TCS,EQ,2564.4,2564.0,2583.9,2551.9,2579.95,2579.15,2571.54,426893,109777396755000.0,38037,243186,0.5697
2015-07-21,TCS,EQ,2579.15,2576.0,2600.35,2555.1,2561.7,2561.4,2574.93,637250,164087481180000.0,52304,399441,0.6268
2015-07-22,TCS,EQ,2561.4,2561.0,2569.0,2521.05,2530.9,2528.05,2532.4,660314,167218024840000.0,44395,450257,0.6819
2015-07-23,TCS,EQ,2528.05,2517.5,2537.85,2483.0,2492.05,2488.6,2505.27,748390,187491648540000.0,34659,491798,0.6570999999999999
2015-07-24,TCS,EQ,2488.6,2497.5,2516.5,2492.1,2507.1,2505.15,2506.09,787486,197350844460000.0,38528,512154,0.6504000000000001
2015-07-27,TCS,EQ,2505.15,2488.0,2505.0,2481.15,2501.15,2497.05,2496.91,1001869,250157842365000.0,65507,798854,0.7974
2015-07-28,TCS,EQ,2497.05,2499.5,2519.0,2492.15,2509.7,2502.05,2509.48,945594,237294797575000.0,48484,759857,0.8036
2015-07-29,TCS,EQ,2502.05,2511.0,2515.05,2483.5,2515.0,2506.75,2501.68,1206659,301867154530000.0,85826,966402,0.8009000000000001
2015-07-30,TCS,EQ,2506.75,2516.05,2516.8,2472.8,2472.8,2480.65,2490.3,1385287,344978285045000.0,77684,1230247,0.8881
2015-07-31,TCS,EQ,2480.65,2489.9,2519.0,2487.0,2511.45,2510.75,2502.23,981888,245690701980000.03,67496,675985,0.6885
2015-08-03,TCS,EQ,2510.75,2503.4,2525.0,2500.9,2508.0,2509.6,2514.14,589662,148249201475000.0,50976,404877,0.6866
2015-08-04,TCS,EQ,2509.6,2510.4,2523.0,2486.0,2510.0,2508.9,2500.32,1171346,292873711380000.0,82052,973725,0.8312999999999999
2015-08-05,TCS,EQ,2508.9,2520.0,2550.0,2511.0,2544.55,2547.15,2539.25,494497,125565200155000.0,46758,339571,0.6867
2015-08-06,TCS,EQ,2547.15,2565.0,2583.0,2550.1,2569.3,2573.3,2566.25,1105683,283746097370000.0,67097,888664,0.8037000000000001
2015-08-07,TCS,EQ,2573.3,2573.0,2573.0,2547.0,2559.0,2552.05,2558.6,594253,152045796810000.0,51065,457333,0.7696
2015-08-10,TCS,EQ,2552.05,2572.0,2589.0,2556.6,2575.0,2572.1,2576.47,715591,184370154265000.0,45499,563414,0.7873000000000001
2015-08-11,TCS,EQ,2572.1,2578.0,2610.0,2542.1,2600.8,2604.2,2595.57,1100153,285552687690000.0,60746,777937,0.7071
2015-08-12,TCS,EQ,2604.2,2603.1,2691.4,2602.0,2670.0,2671.7,2658.48,1739892,462546014314999.94,116770,1317431,0.7572
2015-08-13,TCS,EQ,2671.7,2670.0,2684.0,2556.0,2638.35,2635.6,2652.19,703213,186505713810000.0,47820,460590,0.655
2015-08-14,TCS,EQ,2635.6,2638.0,2719.35,2637.1,2692.05,2703.2,2688.81,1146982,308401606740000.0,82195,766818,0.6686
2015-08-17,TCS,EQ,2703.2,2690.1,2696.8,2655.0,2685.9,2684.75,2673.6,386822,103420779720000.0,30502,206955,0.535
2015-08-18,TCS,EQ,2684.75,2706.9,2749.9,2690.0,2745.95,2740.9,2736.66,958463,262298463255000.03,100314,623865,0.6509
2015-08-19,TCS,EQ,2740.9,2750.0,2752.85,2721.9,2727.0,2733.6,2739.06,845035,231460037350000.0,90389,588336,0.6962
2015-08-20,TCS,EQ,2733.6,2745.0,2745.0,2672.0,2686.5,2686.85,2702.74,1174649,317477177120000.0,105196,842334,0.7171
2015-08-21,TCS,EQ,2686.85,2712.0,2729.9,2655.1,2671.0,2676.15,2684.3,1768040,474594336130000.0,113746,1315006,0.7438
2015-08-24,TCS,EQ,2676.15,2639.0,2645.0,2569.1,2586.0,2578.65,2599.95,2346172,609992831760000.0,98288,1766434,0.7529000000000001
2015-08-25,TCS,EQ,2578.65,2587.9,2622.0,2535.5,2564.8,2567.15,2574.64,1962900,505375128475000.0,90437,1340952,0.6831
2015-08-26,TCS,EQ,2567.15,2558.05,2639.0,2511.95,2579.8,2576.75,2591.93,1608079,416803329530000.0,92978,1139025,0.7083
2015-08-27,TCS,EQ,2576.75,2614.9,2614.9,2545.8,2567.0,2574.65,2572.91,2632399,677291640590000.0,126702,2065390,0.7846
2015-08-28,TCS,EQ,2574.65,2609.0,2609.0,2557.7,2563.1,2570.85,2581.92,1372076,354258511895000.0,102566,1063723,0.7753
2015-08-31,TCS,EQ,2570.85,2590.0,2590.0,2531.05,2575.0,2564.05,2566.03,1846022,473694451870000.0,109961,1434044,0.7768
2015-09-01,TCS,EQ,2564.05,2556.0,2611.2,2530.0,2533.2,2537.4,2574.5,1493801,384578953050000.0,96695,981661,0.6572
2015-09-02,TCS,EQ,2537.4,2559.7,2620.45,2548.0,2600.0,2591.8,2595.11,1882975,488652294545000.0,114103,1263275,0.6709
2015-09-03,TCS,EQ,2591.8,2596.1,2615.0,2576.25,2606.0,2605.6,2594.76,1132537,293865969020000.0,91703,745864,0.6586
2015-09-04,TCS,EQ,2605.6,2611.4,2614.9,2539.15,2544.0,2547.45,2568.96,1213198,311665198535000.0,124154,800848,0.6601
2015-09-07,TCS,EQ,2547.45,2553.0,2559.95,2532.7,2539.6,2539.75,2546.5,879592,223988315980000.03,73248,638480,0.7259000000000001
2015-09-08,TCS,EQ,2539.75,2545.0,2564.1,2523.5,2540.3,2540.3,2540.52,893873,227089993094999.97,64944,616912,0.6901999999999999
2015-09-09,TCS,EQ,2540.3,2562.95,2574.0,2544.0,2551.0,2549.75,2558.04,1022538,261569201425000.0,62654,625155,0.6114
2015-09-10,TCS,EQ,2549.75,2542.0,2578.5,2527.0,2550.0,2545.4,2553.83,1332909,340401963810000.0,96715,916263,0.6874
2015-09-11,TCS,EQ,2545.4,2546.5,2568.4,2540.6,2549.8,2552.0,2553.59,796336,203351663785000.0,60997,560414,0.7037000000000001
2015-09-14,TCS,EQ,2552.0,2565.0,2565.0,2543.0,2548.0,2551.65,2552.98,794659,202875015155000.0,57713,577291,0.7265
2015-09-15,TCS,EQ,2551.65,2551.65,2558.9,2536.0,2537.25,2547.6,2548.86,689950,175858396195000.0,64604,485074,0.7031000000000001
2015-09-16,TCS,EQ,2547.6,2555.0,2565.0,2541.05,2548.0,2550.35,2553.8,878408,224327605165000.0,69451,634884,0.7228
2015-09-18,TCS,EQ,2550.35,2565.0,2586.0,2539.0,2545.0,2551.25,2565.18,1227647,314914130585000.0,70579,870927,0.7094
2015-09-21,TCS,EQ,2551.25,2550.0,2557.1,2533.2,2555.65,2551.05,2545.78,554420,141142975740000.0,59635,370607,0.6685
2015-09-22,TCS,EQ,2551.05,2557.5,2572.4,2490.0,2522.55,2526.8,2545.14,1040623,264853628415000.0,72612,671655,0.6454000000000001
2015-09-23,TCS,EQ,2526.8,2534.3,2557.75,2512.6,2534.6,2532.65,2533.36,614176,155593159675000.0,37626,345011,0.5617
2015-09-24,TCS,EQ,2532.65,2535.5,2590.0,2529.9,2579.0,2580.4,2561.8,1177127,301556264485000.0,71506,824902,0.7008
2015-09-28,TCS,EQ,2580.4,2594.0,2619.0,2579.5,2600.0,2593.7,2603.35,1183406,308082083395000.0,77392,894029,0.7555
2015-09-29,TCS,EQ,2593.7,2583.35,2634.0,2569.85,2592.0,2588.25,2603.73,1662976,432994617064999.94,103754,1244496,0.7484000000000001
2015-09-30,TCS,EQ,2588.25,2643.7,2643.7,2570.95,2585.0,2588.05,2585.98,1684168,435522706805000.0,81073,1273762,0.7563
2015-10-01,TCS,EQ,2588.05,2599.0,2649.95,2592.2,2641.1,2644.6,2630.47,1417204,372791411480000.0,94874,1002629,0.7075
2015-10-05,TCS,EQ,2644.6,2652.7,2770.0,2652.7,2719.9,2711.65,2711.39,2403653,651724834320000.0,146358,1616394,0.6725
2015-10-06,TCS,EQ,2711.65,2725.0,2726.0,2684.0,2686.2,2700.0,2704.9,1989795,538218936520000.0,96553,1635016,0.8217
2015-10-07,TCS,EQ,2700.0,2693.95,2717.0,2646.95,2655.0,2653.95,2677.99,1032765,276573077340000.0,102318,683381,0.6617000000000001
2015-10-08,TCS,EQ,2653.95,2670.0,2678.35,2620.0,2631.9,2633.8,2642.62,1178775,311504944130000.0,102041,865714,0.7343999999999999
2015-10-09,TCS,EQ,2633.8,2650.5,2650.6,2608.0,2630.0,2629.65,2628.83,1124862,295707334525000.0,68120,837088,0.7442000000000001
2015-10-12,TCS,EQ,2629.65,2655.0,2660.35,2587.0,2597.7,2592.6,2612.17,1227956,320762545435000.0,84883,675044,0.5497
2015-10-13,TCS,EQ,2592.6,2602.8,2612.0,2567.6,2586.85,2598.55,2589.61,3089856,800153587760000.0,129714,1303446,0.4218
2015-10-14,TCS,EQ,2598.55,2548.0,2548.0,2480.0,2480.9,2483.7,2502.59,4168564,1043222048029999.9,175646,2297432,0.5511
2015-10-15,TCS,EQ,2483.7,2490.0,2503.5,2465.0,2468.8,2467.75,2478.15,1607855,398451186685000.0,107563,1101822,0.6853
2015-10-16,TCS,EQ,2467.75,2480.9,2492.0,2470.0,2472.0,2473.75,2477.86,1166914,289145171010000.0,68190,791055,0.6779000000000001
2015-10-19,TCS,EQ,2473.75,2490.0,2494.95,2455.85,2493.95,2488.75,2473.9,1565321,387244983110000.0,55224,1047364,0.6691
2015-10-20,TCS,EQ,2488.75,2496.25,2530.0,2495.6,2523.2,2526.75,2520.95,1347542,339708985545000.0,60572,942992,0.6998000000000001
2015-10-21,TCS,EQ,2526.75,2535.0,2542.0,2522.25,2526.0,2530.0,2532.48,964844,244344915855000.03,80004,691629,0.7168000000000001
2015-10-23,TCS,EQ,2530.0,2548.0,2548.0,2527.3,2536.95,2537.15,2534.65,1167699,295971346590000.0,39962,862305,0.7384999999999999
2015-10-26,TCS,EQ,2537.15,2549.0,2549.0,2515.1,2540.0,2536.55,2530.16,707315,178962175530000.0,58521,469883,0.6643000000000001
2015-10-27,TCS,EQ,2536.55,2530.05,2544.9,2520.35,2528.9,2531.1,2531.42,765210,193706744275000.0,47064,541265,0.7073
2015-10-28,TCS,EQ,2531.1,2510.05,2533.55,2510.05,2528.0,2529.1,2524.11,627671,158431178780000.0,43535,444506,0.7081999999999999
2015-10-29,TCS,EQ,2529.1,2533.55,2535.4,2490.05,2496.0,2495.35,2500.06,1565158,391298645560000.0,61541,1065888,0.6809999999999999
2015-10-30,TCS,EQ,2495.35,2500.0,2511.9,2485.0,2500.0,2495.2,2495.93,758348,189278696745000.0,41071,519557,0.6851
2015-11-02,TCS,EQ,2495.2,2500.0,2522.8,2487.55,2518.0,2517.35,2507.96,659647,165436876290000.0,48056,480522,0.7284999999999999
2015-11-03,TCS,EQ,2517.35,2528.0,2547.8,2518.5,2538.85,2543.45,2536.88,682453,173130298455000.0,39895,502388,0.7362000000000001
2015-11-04,TCS,EQ,2543.45,2545.0,2547.2,2520.0,2526.75,2533.8,2532.27,495717,125528959109999.98,41282,284406,0.5737
2015-11-05,TCS,EQ,2533.8,2530.8,2534.95,2480.0,2485.0,2482.65,2496.94,798049,199267674145000.0,38722,556372,0.6972
2015-11-06,TCS,EQ,2482.65,2492.0,2518.25,2483.45,2505.2,2505.75,2507.54,454012,113845260605000.0,26028,298424,0.6573000000000001
2015-11-09,TCS,EQ,2505.75,2495.0,2502.75,2468.6,2474.0,2471.35,2477.88,1010778,250458950850000.0,42927,819330,0.8106
2015-11-10,TCS,EQ,2471.35,2472.95,2477.0,2450.0,2455.0,2458.15,2463.3,680960,167740779595000.0,53282,479205,0.7037000000000001
2015-11-11,TCS,EQ,2458.15,2475.0,2475.0,2450.0,2472.0,2468.8,2467.45,67582,16675497755000.002,5197,34003,0.5031
2015-11-13,TCS,EQ,2468.8,2438.05,2438.05,2386.55,2396.0,2397.4,2405.31,1371616,329915530345000.0,77174,958618,0.6989
2015-11-16,TCS,EQ,2397.4,2390.0,2390.0,2356.0,2376.0,2374.6,2371.62,1021764,242323759710000.0,67518,701532,0.6866
2015-11-17,TCS,EQ,2374.6,2380.5,2398.45,2375.0,2390.0,2390.55,2385.85,992514,236798902785000.0,58593,755518,0.7612000000000001
2015-11-18,TCS,EQ,2390.55,2388.9,2388.9,2346.0,2349.65,2351.45,2358.29,760176,179271701600000.0,43678,506662,0.6665000000000001
2015-11-19,TCS,EQ,2351.45,2365.35,2381.6,2352.0,2367.0,2362.55,2366.14,933453,220868074955000.03,55764,632570,0.6777
2015-11-20,TCS,EQ,2362.55,2366.5,2423.55,2361.95,2394.5,2398.35,2403.22,1006063,241779041840000.0,60130,575994,0.5725
2015-11-23,TCS,EQ,2398.35,2405.3,2413.4,2382.25,2389.3,2391.05,2397.62,544041,130440539184999.98,42359,351815,0.6467
2015-11-24,TCS,EQ,2391.05,2380.05,2392.45,2365.5,2366.0,2367.95,2378.62,499320,118769459609999.98,35776,342427,0.6858
2015-11-26,TCS,EQ,2367.95,2377.9,2382.4,2337.85,2346.0,2345.55,2355.52,1457646,343350889610000.0,77452,969589,0.6652
2015-11-27,TCS,EQ,2345.55,2348.0,2359.45,2332.5,2354.95,2353.35,2348.7,868603,204008616375000.0,62719,518858,0.5972999999999999
2015-11-30,TCS,EQ,2353.35,2365.0,2391.25,2350.15,2373.55,2364.7,2365.21,2050024,484874478220000.0,85439,1102521,0.5378000000000001
2015-12-01,TCS,EQ,2364.7,2362.9,2378.05,2357.05,2359.75,2361.9,2363.85,860997,203526711000000.0,51511,672976,0.7816
2015-12-02,TCS,EQ,2361.9,2378.0,2378.1,2346.5,2367.0,2365.2,2362.86,820148,193789603975000.0,38694,580713,0.7081000000000001
2015-12-03,TCS,EQ,2365.2,2360.0,2373.0,2347.0,2350.0,2350.75,2356.59,1141679,269046759875000.0,41715,765969,0.6709
2015-12-04,TCS,EQ,2350.75,2340.0,2347.3,2321.1,2330.0,2328.4,2330.08,623046,145174734845000.0,32999,426970,0.6853
2015-12-07,TCS,EQ,2328.4,2332.2,2343.9,2315.25,2321.0,2319.8,2322.27,691302,160539041210000.0,52150,487587,0.7053
2015-12-08,TCS,EQ,2319.8,2319.4,2349.0,2317.3,2326.25,2329.0,2332.95,569982,132973919555000.0,47957,336913,0.5911
2015-12-09,TCS,EQ,2329.0,2337.9,2372.8,2320.0,2370.0,2367.65,2361.23,2641403,623695383025000.0,59592,1365071,0.5168
2015-12-10,TCS,EQ,2367.65,2369.0,2391.2,2352.0,2380.95,2384.55,2374.82,861994,204708426650000.0,52429,556996,0.6462000000000001
2015-12-11,TCS,EQ,2384.55,2383.0,2391.95,2363.25,2383.15,2386.0,2384.13,826189,196974581820000.0,53651,598804,0.7248
2015-12-14,TCS,EQ,2386.0,2335.2,2387.0,2330.6,2375.0,2378.45,2364.84,1359266,321444335375000.0,58637,758806,0.5582
2015-12-15,TCS,EQ,2378.45,2378.45,2385.0,2363.05,2379.5,2375.85,2375.03,567934,134885915130000.0,52585,421587,0.7423000000000001
2015-12-16,TCS,EQ,2375.85,2384.0,2414.5,2384.0,2407.5,2408.4,2402.07,717967,172460935580000.0,48074,494205,0.6883
2015-12-17,TCS,EQ,2408.4,2415.0,2445.0,2393.35,2434.1,2439.75,2418.57,809422,195764707825000.0,46818,569320,0.7034
2015-12-18,TCS,EQ,2439.75,2420.0,2434.2,2400.65,2409.8,2416.8,2416.02,1512485,365419788625000.0,47644,1052042,0.6956
2015-12-21,TCS,EQ,2416.8,2419.95,2450.0,2406.85,2443.0,2446.4,2428.4,805052,195498897035000.0,41004,425890,0.529
2015-12-22,TCS,EQ,2446.4,2440.0,2440.0,2400.0,2407.0,2405.05,2413.33,780429,188343036260000.0,30995,476137,0.6101
2015-12-23,TCS,EQ,2405.05,2415.0,2435.0,2410.55,2418.8,2425.8,2425.06,424917,103044935060000.0,31057,253475,0.5965
2015-12-24,TCS,EQ,2425.8,2421.0,2438.2,2404.0,2435.0,2434.25,2424.03,421580,102192401425000.0,21932,188670,0.4475
2015-12-28,TCS,EQ,2434.25,2428.0,2466.4,2420.2,2456.95,2462.7,2455.0,1852099,454689566400000.0,43390,1060100,0.5724
2015-12-29,TCS,EQ,2462.7,2458.35,2465.3,2445.75,2449.35,2455.8,2452.26,854262,209487508650000.0,26975,433986,0.508
2015-12-30,TCS,EQ,2455.8,2453.05,2459.0,2412.3,2421.7,2418.3,2442.06,802881,196068199690000.0,49464,632180,0.7874
2015-12-31,TCS,EQ,2418.3,2415.75,2448.5,2407.5,2430.0,2436.85,2428.9,620159,150630258720000.0,42600,400391,0.6456000000000001
